{
  "total pieces": [2.1774711, 1.8928169],
  "piece progression": [3.0052456, 2.84155485],
  "master to temple": [0.85623285, 3.3308354],
  "defended pieces": [3.100019, 0.968458],
  "piece spread": [-0.9401415, -1.14474225]
}
